{"ratio": [], "shift": [["have tag of,TAG", 0], ["have tag of,PERSON", 0]], "colors": [["annotation_color", "#3288bd"], ["annotation_text_color", "#ffffbf"], ["association_attribute_text_color", "#000000"], ["association_cartouche_color", "#abdda4"], ["association_cartouche_text_color", "#000000"], ["association_color", "#e6f598"], ["association_stroke_color", "#66c2a5"], ["background_color", "#ffffbf"], ["card_text_color", "#d53e4f"], ["entity_attribute_text_color", "#000000"], ["entity_cartouche_color", "#fdae61"], ["entity_cartouche_text_color", "#000000"], ["entity_color", "#fee08b"], ["entity_stroke_color", "#f46d43"], ["leg_stroke_color", "#66c2a5"], ["transparent_color", "none"]], "cy": [["PERSON", 99], ["have tag of", 99], ["TAG", 99]], "cx": [["PERSON", 57], ["have tag of", 188], ["TAG", 298]], "size": [334, 198]}